<?xml version="1.0" encoding="UTF-8"?>
<!DOCTYPE CATALOG SYSTEM "C:\Users\Administrator\workspace\WanderTrip\WebContent\DataStore\product.dtd"[
<!ENTITY COMPANY "JD Power Tools, Inc.">
<!ENTITY EMAIL "jd@jd-tools.com">
<!ELEMENT CATALOG (PRODUCT+)>
]>
<CATALOG>

<PRODUCT NAME="mobile1" CATEGORY="Table" PLANT="Chicago" INVENTORY="InStock">

<SPECIFICATIONS WEIGHT="0.2kg" POWER="3600 mHA">
</SPECIFICATIONS>

<OPTIONS FINISH="Matte" ADAPTER="Included" CASE="HardShell">
</OPTIONS>

<PRICE MSRP="24000" WHOLESALE="12345" STREET="xyz.dkd" SHIPPING="DELHI">
</PRICE>
<NOTES> HELLO &EMAIL;
</NOTES>
</PRODUCT>
</CATALOG>
